name,description,module,path,standalone
"brainstorming","Facilitate interactive brainstorming sessions using diverse creative techniques. This workflow facilitates interactive brainstorming sessions using diverse creative techniques. The session is highly interactive, with the AI acting as a facilitator to guide the user through various ideation methods to generate and refine creative solutions.","core","beat/core/workflows/brainstorming/workflow.yaml","true"
"party-mode","Orchestrates group discussions between all installed BEAT agents, enabling natural multi-agent conversations","core","beat/core/workflows/party-mode/workflow.yaml","true"
"audit-workflow","Comprehensive workflow quality audit - validates structure, config standards, variable usage, bloat detection, and web_bundle completeness. Performs deep analysis of workflow.yaml, instructions.md, template.md, and web_bundle configuration against BEAT v6 standards.","beat-builder","beat/beat-builder/workflows/audit-workflow/workflow.yaml","true"
"convert-legacy","Converts legacy BEAT v4 or similar items (agents, workflows, modules) to Beat Core compliant format with proper structure and conventions","beat-builder","beat/beat-builder/workflows/convert-legacy/workflow.yaml","true"
"create-agent","Interactive workflow to build BEAT Core compliant agents (YAML source compiled to .md during install) with optional brainstorming, persona development, and command structure","beat-builder","beat/beat-builder/workflows/create-agent/workflow.yaml","true"
"create-module","Interactive workflow to build complete BEAT modules with agents, workflows, tasks, and installation infrastructure","beat-builder","beat/beat-builder/workflows/create-module/workflow.yaml","true"
"create-workflow","Interactive workflow builder that guides creation of new BEAT workflows with proper structure and validation for optimal human-AI collaboration. Includes optional brainstorming phase for workflow ideas and design.","beat-builder","beat/beat-builder/workflows/create-workflow/workflow.yaml","true"
"edit-agent","Edit existing BEAT agents while following all best practices and conventions","beat-builder","beat/beat-builder/workflows/edit-agent/workflow.yaml","true"
"edit-module","Edit existing BEAT modules (structure, agents, workflows, documentation) while following all best practices","beat-builder","beat/beat-builder/workflows/edit-module/workflow.yaml","true"
"edit-workflow","Edit existing BEAT workflows while following all best practices and conventions","beat-builder","beat/beat-builder/workflows/edit-workflow/workflow.yaml","true"
"module-brief","Create a comprehensive Module Brief that serves as the blueprint for building new BEAT modules using strategic analysis and creative vision","beat-builder","beat/beat-builder/workflows/module-brief/workflow.yaml","true"
"redoc","Autonomous documentation system that maintains module, workflow, and agent documentation using a reverse-tree approach (leaf folders first, then parents). Understands BEAT conventions and produces technical writer quality output.","beat-builder","beat/beat-builder/workflows/redoc/workflow.yaml","true"
"brainstorm-project","Facilitate project brainstorming sessions by orchestrating the CIS brainstorming workflow with project-specific context and guidance.","beat-method","beat/beat-method/workflows/1-analysis/brainstorm-project/workflow.yaml","true"
"domain-research","Collaborative exploration of domain-specific requirements, regulations, and patterns for complex projects","beat-method","beat/beat-method/workflows/1-analysis/domain-research/workflow.yaml","true"
"product-brief","Interactive product brief creation workflow that guides users through defining their product vision with multiple input sources and conversational collaboration","beat-method","beat/beat-method/workflows/1-analysis/product-brief/workflow.yaml","true"
"research","Adaptive research workflow supporting multiple research types: market research, deep research prompt generation, technical/architecture evaluation, competitive intelligence, user research, and domain analysis","beat-method","beat/beat-method/workflows/1-analysis/research/workflow.yaml","true"
"create-ux-design","Collaborative UX design facilitation workflow that creates exceptional user experiences through visual exploration and informed decision-making. Unlike template-driven approaches, this workflow facilitates discovery, generates visual options, and collaboratively designs the UX with the user at every step.","beat-method","beat/beat-method/workflows/2-plan-workflows/create-ux-design/workflow.yaml","true"
"create-epics-and-stories","Transform PRD requirements into bite-sized stories organized in epics for 200k context dev agents","beat-method","beat/beat-method/workflows/2-plan-workflows/prd/create-epics-and-stories/workflow.yaml","true"
"prd","Unified PRD workflow for Beat Method and Enterprise Method tracks. Produces strategic PRD and tactical epic breakdown. Hands off to architecture workflow for technical design. Note: Quick Flow track uses tech-spec workflow.","beat-method","beat/beat-method/workflows/2-plan-workflows/prd/workflow.yaml","true"
"tech-spec","Technical specification workflow for Level 0 projects (single atomic changes). Creates focused tech spec for bug fixes, single endpoint additions, or small isolated changes. Tech-spec only - no PRD needed.","beat-method","beat/beat-method/workflows/2-plan-workflows/tech-spec/workflow.yaml","true"
"architecture","Collaborative architectural decision facilitation for AI-agent consistency. Replaces template-driven architecture with intelligent, adaptive conversation that produces a decision-focused architecture document optimized for preventing agent conflicts.","beat-method","beat/beat-method/workflows/3-solutioning/architecture/workflow.yaml","true"
"solutioning-gate-check","Systematically validate that all planning and solutioning phases are complete and properly aligned before transitioning to Phase 4 implementation. Ensures PRD, architecture, and stories are cohesive with no gaps or contradictions.","beat-method","beat/beat-method/workflows/3-solutioning/solutioning-gate-check/workflow.yaml","true"
"code-review","Perform a Senior Developer code review on a completed story flagged Ready for Review, leveraging story-context, epic tech-spec, repo docs, MCP servers for latest best-practices, and web search as fallback. Appends structured review notes to the story.","beat-method","beat/beat-method/workflows/4-implementation/code-review/workflow.yaml","true"
"correct-course","Navigate significant changes during sprint execution by analyzing impact, proposing solutions, and routing for implementation","beat-method","beat/beat-method/workflows/4-implementation/correct-course/workflow.yaml","true"
"create-story","Create the next user story markdown from epics/PRD and architecture, using a standard template and saving to the stories folder","beat-method","beat/beat-method/workflows/4-implementation/create-story/workflow.yaml","true"
"dev-story","Execute a story by implementing tasks/subtasks, writing tests, validating, and updating the story file per acceptance criteria","beat-method","beat/beat-method/workflows/4-implementation/dev-story/workflow.yaml","true"
"epic-tech-context","Generate a comprehensive Technical Specification from PRD and Architecture with acceptance criteria and traceability mapping","beat-method","beat/beat-method/workflows/4-implementation/epic-tech-context/workflow.yaml","true"
"retrospective","Run after epic completion to review overall success, extract lessons learned, and explore if new information emerged that might impact the next epic","beat-method","beat/beat-method/workflows/4-implementation/retrospective/workflow.yaml","true"
"sprint-planning","Generate and manage the sprint status tracking file for Phase 4 implementation, extracting all epics and stories from epic files and tracking their status through the development lifecycle","beat-method","beat/beat-method/workflows/4-implementation/sprint-planning/workflow.yaml","true"
"story-context","Assemble a dynamic Story Context XML by pulling latest documentation and existing code/library artifacts relevant to a drafted story","beat-method","beat/beat-method/workflows/4-implementation/story-context/workflow.yaml","true"
"story-done","Marks a story as done (DoD complete) and moves it from its current status → DONE in the status file. Advances the story queue. Simple status-update workflow with no searching required.","beat-method","beat/beat-method/workflows/4-implementation/story-done/workflow.yaml","true"
"story-ready","Marks a drafted story as ready for development and moves it from TODO → IN PROGRESS in the status file. Simple status-update workflow with no searching required.","beat-method","beat/beat-method/workflows/4-implementation/story-ready/workflow.yaml","true"
"document-project","Analyzes and documents brownfield projects by scanning codebase, architecture, and patterns to create comprehensive reference documentation for AI-assisted development","beat-method","beat/beat-method/workflows/document-project/workflow.yaml","true"
"testarch-atdd","Generate failing acceptance tests before implementation using TDD red-green-refactor cycle","beat-method","beat/beat-method/workflows/testarch/atdd/workflow.yaml","false"
"testarch-automate","Expand test automation coverage after implementation or analyze existing codebase to generate comprehensive test suite","beat-method","beat/beat-method/workflows/testarch/automate/workflow.yaml","false"
"testarch-ci","Scaffold CI/CD quality pipeline with test execution, burn-in loops, and artifact collection","beat-method","beat/beat-method/workflows/testarch/ci/workflow.yaml","false"
"testarch-framework","Initialize production-ready test framework architecture (Playwright or Cypress) with fixtures, helpers, and configuration","beat-method","beat/beat-method/workflows/testarch/framework/workflow.yaml","false"
"testarch-nfr","Assess non-functional requirements (performance, security, reliability, maintainability) before release with evidence-based validation","beat-method","beat/beat-method/workflows/testarch/nfr-assess/workflow.yaml","false"
"testarch-test-design","Plan risk mitigation and test coverage strategy before development with risk assessment and prioritization","beat-method","beat/beat-method/workflows/testarch/test-design/workflow.yaml","false"
"testarch-test-review","Review test quality using comprehensive knowledge base and best practices validation","beat-method","beat/beat-method/workflows/testarch/test-review/workflow.yaml","false"
"testarch-trace","Generate requirements-to-tests traceability matrix, analyze coverage, and make quality gate decision (PASS/CONCERNS/FAIL/WAIVED)","beat-method","beat/beat-method/workflows/testarch/trace/workflow.yaml","false"
"workflow-init","Initialize a new BMM project by determining level, type, and creating workflow path","beat-method","beat/beat-method/workflows/workflow-status/init/workflow.yaml","true"
"workflow-status","Lightweight status checker - answers ""what should I do now?"" for any agent. Reads YAML status file for workflow tracking. Use workflow-init for new projects.","beat-method","beat/beat-method/workflows/workflow-status/workflow.yaml","true"
